{
    "btn_giro": {
        "x": 0.5052083333333334,
        "y": 0.912962962962963
    },
    "gatilhoRT": {
        "x": 0.946875,
        "y": 0.7722222222222223
    },
    "gatilhoLT": {
        "x": 0.053125,
        "y": 0.7592592592592592
    },
    "analogCam": {
        "x": 0.6322916666666667,
        "y": 0.5277777777777778
    },
    "analogMain": {
        "x": 0.334375,
        "y": 0.5314814814814816
    },
    "RIGHT": {
        "x": 0.24791666666666667,
        "y": 0.08888888888888889
    },
    "LEFT": {
        "x": 0.053125,
        "y": 0.087037037037037
    },
    "DOWN": {
        "x": 0.15,
        "y": 0.08888888888888889
    },
    "UP": {
        "x": 0.14895833333333333,
        "y": 0.25555555555555554
    },
    "STR": {
        "x": 0.7635416666666667,
        "y": 0.9074074074074074
    },
    "SEL": {
        "x": 0.22916666666666666,
        "y": 0.912962962962963
    },
    "RB": {
        "x": 0.640625,
        "y": 0.912962962962963
    },
    "LB": {
        "x": 0.36875,
        "y": 0.9148148148148149
    },
    "Y": {
        "x": 0.821875,
        "y": 0.24259259259259258
    },
    "X": {
        "x": 0.6979166666666666,
        "y": 0.0777777777777778
    },
    "B": {
        "x": 0.94375,
        "y": 0.08148148148148146
    },
    "A": {
        "x": 0.8239583333333333,
        "y": 0.08333333333333334
    }
}
